Channel,Video Title,Video Description,Video ID,Comment,Comment ID,Replies,Likes,clean_comments,language
Kev & Nick,Mine - Bazzi (Kev &amp; Nick cover),"Hello and welcome to our channel! We are two swedish guys who like to sing. We will be posting more music related videos, so make sure to subscribe! Spotify ...",TXakJYHe9uQ,Oh my god! This cover is BEAUTIFUL! My favorite cover by far! I‚Äôm surprised this isn‚Äôt viral! I‚Äôm subbed now!,UgzwTTa47hKDjauFdzZ4AaABAg,2,37,Oh my god! This cover is BEAUTIFUL! My favorite cover by far! I‚Äôm surprised this isn‚Äôt viral! I‚Äôm subbed now!,en
Kev & Nick,Mine - Bazzi (Kev &amp; Nick cover),"Hello and welcome to our channel! We are two swedish guys who like to sing. We will be posting more music related videos, so make sure to subscribe! Spotify ...",TXakJYHe9uQ,"Kev and Nick: ‚ÄúMIIIINE....‚Äù


me : *hits subscribe button so hard that  **-phone screen breaks-*",UgyA_rTyfTn_II4X68Z4AaABAg,0,5,"Kev and Nick: ‚ÄúMIIIINE....‚Äù


me : *hits subscribe button so hard that  **-phone screen breaks-*",en
Kev & Nick,Mine - Bazzi (Kev &amp; Nick cover),"Hello and welcome to our channel! We are two swedish guys who like to sing. We will be posting more music related videos, so make sure to subscribe! Spotify ...",TXakJYHe9uQ,*give me some holy water for my ears please ;-;*,UgysFjna__dy2GVflBd4AaABAg,0,6,*give me some holy water for my ears please ;-;*,en
Kev & Nick,Mine - Bazzi (Kev &amp; Nick cover),"Hello and welcome to our channel! We are two swedish guys who like to sing. We will be posting more music related videos, so make sure to subscribe! Spotify ...",TXakJYHe9uQ,best cover,UgxCXKfi6Mc8ApX4TT94AaABAg,0,1,best cover,en
Kev & Nick,Mine - Bazzi (Kev &amp; Nick cover),"Hello and welcome to our channel! We are two swedish guys who like to sing. We will be posting more music related videos, so make sure to subscribe! Spotify ...",TXakJYHe9uQ,"Immediately subbed, it's amazing and much better than the original!",UgzOo_Icx_y2WqOkdVV4AaABAg,1,12,"Immediately subbed, it's amazing and much better than the original!",en
Kev & Nick,Mine - Bazzi (Kev &amp; Nick cover),"Hello and welcome to our channel! We are two swedish guys who like to sing. We will be posting more music related videos, so make sure to subscribe! Spotify ...",TXakJYHe9uQ,Really good!!!,Ugz4TkL8D9NuwtDJyap4AaABAg,0,1,Really good!!!,en
Kev & Nick,Mine - Bazzi (Kev &amp; Nick cover),"Hello and welcome to our channel! We are two swedish guys who like to sing. We will be posting more music related videos, so make sure to subscribe! Spotify ...",TXakJYHe9uQ,The fact that this was totally no homo kind of makes me sad,UgwTgDmSBClH45QCzbx4AaABAg,1,2,The fact that this was totally no homo kind of makes me sad,en
Kev & Nick,Mine - Bazzi (Kev &amp; Nick cover),"Hello and welcome to our channel! We are two swedish guys who like to sing. We will be posting more music related videos, so make sure to subscribe! Spotify ...",TXakJYHe9uQ,I love the harmony if your voices!!! I'm a new follower right now! üíñ,Ugzp3TYte5PWfhXj7Zd4AaABAg,0,1,I love the harmony if your voices!!! I'm a new follower right now! ,en
Kev & Nick,Mine - Bazzi (Kev &amp; Nick cover),"Hello and welcome to our channel! We are two swedish guys who like to sing. We will be posting more music related videos, so make sure to subscribe! Spotify ...",TXakJYHe9uQ,THIS WAS PERFECT!!,UgwaPGcAT1sVyHGhwad4AaABAg,0,0,THIS WAS PERFECT!!,en
Kev & Nick,Mine - Bazzi (Kev &amp; Nick cover),"Hello and welcome to our channel! We are two swedish guys who like to sing. We will be posting more music related videos, so make sure to subscribe! Spotify ...",TXakJYHe9uQ,Wow üëèüëèüëèüëèüëèüëè love the ending 2:42,Ugzj25RVPxJ9JBTM9dF4AaABAg,0,0,Wow  love the ending 2:42,en
Kev & Nick,Mine - Bazzi (Kev &amp; Nick cover),"Hello and welcome to our channel! We are two swedish guys who like to sing. We will be posting more music related videos, so make sure to subscribe! Spotify ...",TXakJYHe9uQ,I need this on spotify ü•∞,UgxbLR0dEO-35B8u_O94AaABAg,0,0,I need this on spotify ,en
Kev & Nick,Mine - Bazzi (Kev &amp; Nick cover),"Hello and welcome to our channel! We are two swedish guys who like to sing. We will be posting more music related videos, so make sure to subscribe! Spotify ...",TXakJYHe9uQ,Oh lord üò≠üôå,Ugw50fEXHuDon-VilZJ4AaABAg,0,1,Oh lord ,en
Kev & Nick,Mine - Bazzi (Kev &amp; Nick cover),"Hello and welcome to our channel! We are two swedish guys who like to sing. We will be posting more music related videos, so make sure to subscribe! Spotify ...",TXakJYHe9uQ,We want more covers üò≠,Ugw_Iu4aLaEXhxdQSTN4AaABAg,0,0,We want more covers ,en
Kev & Nick,Mine - Bazzi (Kev &amp; Nick cover),"Hello and welcome to our channel! We are two swedish guys who like to sing. We will be posting more music related videos, so make sure to subscribe! Spotify ...",TXakJYHe9uQ,Love this cover...u guys are so cuteüòÅ and i love the ending 2:44 ..... Look like are coupleüòÜ,UgzioJSPabboBKD9k2N4AaABAg,0,0,Love this cover...u guys are so cute and i love the ending 2:44 ..... Look like are couple,en
Kev & Nick,Mine - Bazzi (Kev &amp; Nick cover),"Hello and welcome to our channel! We are two swedish guys who like to sing. We will be posting more music related videos, so make sure to subscribe! Spotify ...",TXakJYHe9uQ,I‚Äôm in love with this cover,UgwAnYqmjn9yCXbTfMV4AaABAg,0,0,I‚Äôm in love with this cover,en
Kev & Nick,Mine - Bazzi (Kev &amp; Nick cover),"Hello and welcome to our channel! We are two swedish guys who like to sing. We will be posting more music related videos, so make sure to subscribe! Spotify ...",TXakJYHe9uQ,Wait for so long that launch new song. Love you guys and your song. Hope can listen more in the future,UgwDs3SIJbXgS9wquD14AaABAg,0,1,Wait for so long that launch new song. Love you guys and your song. Hope can listen more in the future,en
Kev & Nick,Mine - Bazzi (Kev &amp; Nick cover),"Hello and welcome to our channel! We are two swedish guys who like to sing. We will be posting more music related videos, so make sure to subscribe! Spotify ...",TXakJYHe9uQ,Fantastic performance! I love how the song starts. Would you mind sharing the tab ?,UgwF2qNqp90kDadbWqB4AaABAg,0,0,Fantastic performance! I love how the song starts. Would you mind sharing the tab ?,en
Kev & Nick,Mine - Bazzi (Kev &amp; Nick cover),"Hello and welcome to our channel! We are two swedish guys who like to sing. We will be posting more music related videos, so make sure to subscribe! Spotify ...",TXakJYHe9uQ,This cover is so beautiful üòçüòçüòç‚ù§Ô∏è,UgxAFvnbUhzKJItqs3x4AaABAg,0,0,This cover is so beautiful ,en
Kev & Nick,Mine - Bazzi (Kev &amp; Nick cover),"Hello and welcome to our channel! We are two swedish guys who like to sing. We will be posting more music related videos, so make sure to subscribe! Spotify ...",TXakJYHe9uQ,"God I ship it so hard :'( Also hope they come back to singing. I miss them, they are so talented <3",UgzYWixk_-_IAHlMYyl4AaABAg,0,0,"God I ship it so hard :'( Also hope they come back to singing. I miss them, they are so talented <3",en
Kev & Nick,Mine - Bazzi (Kev &amp; Nick cover),"Hello and welcome to our channel! We are two swedish guys who like to sing. We will be posting more music related videos, so make sure to subscribe! Spotify ...",TXakJYHe9uQ,The song is so beautiful! I love it : ),UgzUNT-lAev4vl1ksPV4AaABAg,0,0,The song is so beautiful! I love it : ),en
Kev & Nick,Mine - Bazzi (Kev &amp; Nick cover),"Hello and welcome to our channel! We are two swedish guys who like to sing. We will be posting more music related videos, so make sure to subscribe! Spotify ...",TXakJYHe9uQ,This made me feel some kind of way üëèüëèüëèüëèüëè,UgxXnijQh0XF0oO7OY54AaABAg,0,0,This made me feel some kind of way ,en
Kev & Nick,Mine - Bazzi (Kev &amp; Nick cover),"Hello and welcome to our channel! We are two swedish guys who like to sing. We will be posting more music related videos, so make sure to subscribe! Spotify ...",TXakJYHe9uQ,OMG! so in love with this cover!!!,UgyXPFubVYGieyVxW-t4AaABAg,0,0,OMG! so in love with this cover!!!,en
Kev & Nick,Mine - Bazzi (Kev &amp; Nick cover),"Hello and welcome to our channel! We are two swedish guys who like to sing. We will be posting more music related videos, so make sure to subscribe! Spotify ...",TXakJYHe9uQ,I‚Äôll always come to this cover! I love your guys voices! Please make more covers ‚ù§Ô∏è,UgzZ0vRSVK2eHNCWb5B4AaABAg,0,0,I‚Äôll always come to this cover! I love your guys voices! Please make more covers ,en
Kev & Nick,Mine - Bazzi (Kev &amp; Nick cover),"Hello and welcome to our channel! We are two swedish guys who like to sing. We will be posting more music related videos, so make sure to subscribe! Spotify ...",TXakJYHe9uQ,"First I thought you were a couple, but you're adorable either way :) beautiful cover",UgyocWV_JKLHLITnxgV4AaABAg,0,0,"First I thought you were a couple, but you're adorable either way :) beautiful cover",en
Kev & Nick,Mine - Bazzi (Kev &amp; Nick cover),"Hello and welcome to our channel! We are two swedish guys who like to sing. We will be posting more music related videos, so make sure to subscribe! Spotify ...",TXakJYHe9uQ,One of the best cover I‚Äôve seen. The melody is so touching. Love the beat and the music. Your voice just flow through. Makes it seems like there is emotions out into it. Keep up the great work! üòä,UgxmB2KvNu_O5cshCqB4AaABAg,0,0,One of the best cover I‚Äôve seen. The melody is so touching. Love the beat and the music. Your voice just flow through. Makes it seems like there is emotions out into it. Keep up the great work! ,en
Kev & Nick,Mine - Bazzi (Kev &amp; Nick cover),"Hello and welcome to our channel! We are two swedish guys who like to sing. We will be posting more music related videos, so make sure to subscribe! Spotify ...",TXakJYHe9uQ,Finally!! luv u guys,UgxybWrUVZtQY753Voh4AaABAg,0,4,Finally!! luv u guys,en
Kev & Nick,Mine - Bazzi (Kev &amp; Nick cover),"Hello and welcome to our channel! We are two swedish guys who like to sing. We will be posting more music related videos, so make sure to subscribe! Spotify ...",TXakJYHe9uQ,Love itüíó,UgytqvaIWvVpNBFw_9F4AaABAg,0,0,Love it,en
Kev & Nick,Mine - Bazzi (Kev &amp; Nick cover),"Hello and welcome to our channel! We are two swedish guys who like to sing. We will be posting more music related videos, so make sure to subscribe! Spotify ...",TXakJYHe9uQ,This is really good! You've got really nice voices üòÉü§ò,UgxfD8msrNS2jj_LEcp4AaABAg,0,0,This is really good! You've got really nice voices ,en
Kev & Nick,Mine - Bazzi (Kev &amp; Nick cover),"Hello and welcome to our channel! We are two swedish guys who like to sing. We will be posting more music related videos, so make sure to subscribe! Spotify ...",TXakJYHe9uQ,my ears are blessed. so so blessed!!!!!!!! <3,Ugz0KiQcGF3w3QBtN_x4AaABAg,0,0,my ears are blessed. so so blessed!!!!!!!! <3,en
Kev & Nick,Mine - Bazzi (Kev &amp; Nick cover),"Hello and welcome to our channel! We are two swedish guys who like to sing. We will be posting more music related videos, so make sure to subscribe! Spotify ...",TXakJYHe9uQ,Omg this is amazing,UgzWzzS4whPuwAI8uVV4AaABAg,0,0,Omg this is amazing,en
Kev & Nick,Mine - Bazzi (Kev &amp; Nick cover),"Hello and welcome to our channel! We are two swedish guys who like to sing. We will be posting more music related videos, so make sure to subscribe! Spotify ...",TXakJYHe9uQ,How perfect voiceüò≠üò≠üò≠üò≠ you 2 are so cute!!!!,UgxL48YiaijTKuprnlR4AaABAg,0,0,How perfect voice you 2 are so cute!!!!,en
Kev & Nick,Mine - Bazzi (Kev &amp; Nick cover),"Hello and welcome to our channel! We are two swedish guys who like to sing. We will be posting more music related videos, so make sure to subscribe! Spotify ...",TXakJYHe9uQ,‚ù§ this is amazing,UgzDPqxawh-_IArr2rd4AaABAg,0,0, this is amazing,en
Kev & Nick,Mine - Bazzi (Kev &amp; Nick cover),"Hello and welcome to our channel! We are two swedish guys who like to sing. We will be posting more music related videos, so make sure to subscribe! Spotify ...",TXakJYHe9uQ,I lolololoved this cover!! So beatiful guys!! ‚ù§,UgydgY9TPf-mbUetaEh4AaABAg,0,0,I lolololoved this cover!! So beatiful guys!! ,en
Kev & Nick,Mine - Bazzi (Kev &amp; Nick cover),"Hello and welcome to our channel! We are two swedish guys who like to sing. We will be posting more music related videos, so make sure to subscribe! Spotify ...",TXakJYHe9uQ,Are they here to kill me?!!! Im dying here!!! Love you guys!!!‚ù§‚ù§,Ugw3ObVY0bxp9ARFiyF4AaABAg,0,0,Are they here to kill me?!!! Im dying here!!! Love you guys!!!,en
Kev & Nick,Mine - Bazzi (Kev &amp; Nick cover),"Hello and welcome to our channel! We are two swedish guys who like to sing. We will be posting more music related videos, so make sure to subscribe! Spotify ...",TXakJYHe9uQ,Omggg! Such a lovely cover <3 DEF MY FAVVV BY FAR! <3,Ugwrh2L9GMBYhHf4Dm54AaABAg,0,0,Omggg! Such a lovely cover <3 DEF MY FAVVV BY FAR! <3,en
Kev & Nick,Mine - Bazzi (Kev &amp; Nick cover),"Hello and welcome to our channel! We are two swedish guys who like to sing. We will be posting more music related videos, so make sure to subscribe! Spotify ...",TXakJYHe9uQ,üò≥ WOW! First time watching and I did NOT expect it to be this good. GREAT VOICES AND VOCAL CONTROL! üëåüèΩüíñ‚ù§Ô∏èüíãüòç,UgxFC54oLptY7Ofd8AV4AaABAg,0,2, WOW! First time watching and I did NOT expect it to be this good. GREAT VOICES AND VOCAL CONTROL! ,en
Kev & Nick,Mine - Bazzi (Kev &amp; Nick cover),"Hello and welcome to our channel! We are two swedish guys who like to sing. We will be posting more music related videos, so make sure to subscribe! Spotify ...",TXakJYHe9uQ,"I like you very much! I hope you can quickly release a new film ~ 
We are all waiting, I will always support you, come on!",Ugxf8tvvgiWtzifxGeR4AaABAg,0,0,"I like you very much! I hope you can quickly release a new film ~ 
We are all waiting, I will always support you, come on!",en
Kev & Nick,Mine - Bazzi (Kev &amp; Nick cover),"Hello and welcome to our channel! We are two swedish guys who like to sing. We will be posting more music related videos, so make sure to subscribe! Spotify ...",TXakJYHe9uQ,Omg I absolutely in love with this song and you guys did amazing totally subscribed can‚Äôt wait to here more.,UgwrsA9j_lEoIDZHpFB4AaABAg,0,0,Omg I absolutely in love with this song and you guys did amazing totally subscribed can‚Äôt wait to here more.,en
Kev & Nick,Mine - Bazzi (Kev &amp; Nick cover),"Hello and welcome to our channel! We are two swedish guys who like to sing. We will be posting more music related videos, so make sure to subscribe! Spotify ...",TXakJYHe9uQ,love this!,UgyXqnb0M9V4ZE4h7a54AaABAg,0,0,love this!,en
Kev & Nick,Mine - Bazzi (Kev &amp; Nick cover),"Hello and welcome to our channel! We are two swedish guys who like to sing. We will be posting more music related videos, so make sure to subscribe! Spotify ...",TXakJYHe9uQ,THIS IS SO GOOD,UgziA58fmU8RB47MP2h4AaABAg,0,0,THIS IS SO GOOD,en
Kev & Nick,Mine - Bazzi (Kev &amp; Nick cover),"Hello and welcome to our channel! We are two swedish guys who like to sing. We will be posting more music related videos, so make sure to subscribe! Spotify ...",TXakJYHe9uQ,Love this!,Ugzi4pyu-sbW5HKHmql4AaABAg,0,0,Love this!,en
Kev & Nick,Mine - Bazzi (Kev &amp; Nick cover),"Hello and welcome to our channel! We are two swedish guys who like to sing. We will be posting more music related videos, so make sure to subscribe! Spotify ...",TXakJYHe9uQ,This IS AMAZING,UgyMj0FGVTO85X3FmEV4AaABAg,0,0,This IS AMAZING,en
Kev & Nick,Mine - Bazzi (Kev &amp; Nick cover),"Hello and welcome to our channel! We are two swedish guys who like to sing. We will be posting more music related videos, so make sure to subscribe! Spotify ...",TXakJYHe9uQ,This is beautiful.,UgxL5dpanebV-wsheg14AaABAg,0,2,This is beautiful.,en
Kev & Nick,Mine - Bazzi (Kev &amp; Nick cover),"Hello and welcome to our channel! We are two swedish guys who like to sing. We will be posting more music related videos, so make sure to subscribe! Spotify ...",TXakJYHe9uQ,"So good !!! I love this performance ! Great job guy, you rock ! ‚ô•",UgyQLagSJL5_q708X8R4AaABAg,0,0,"So good !!! I love this performance ! Great job guy, you rock ! ",en
Kev & Nick,Mine - Bazzi (Kev &amp; Nick cover),"Hello and welcome to our channel! We are two swedish guys who like to sing. We will be posting more music related videos, so make sure to subscribe! Spotify ...",TXakJYHe9uQ,awe i love this cover. great job guys!!,UgwYd0RL75lmDMkRcHB4AaABAg,0,0,awe i love this cover. great job guys!!,en
Kev & Nick,Mine - Bazzi (Kev &amp; Nick cover),"Hello and welcome to our channel! We are two swedish guys who like to sing. We will be posting more music related videos, so make sure to subscribe! Spotify ...",TXakJYHe9uQ,When are you making a new video? Gorgeous guys with beautiful voice... :),UgytjlJU7Ts48dZ_H2d4AaABAg,0,0,When are you making a new video? Gorgeous guys with beautiful voice... :),en
Kev & Nick,Mine - Bazzi (Kev &amp; Nick cover),"Hello and welcome to our channel! We are two swedish guys who like to sing. We will be posting more music related videos, so make sure to subscribe! Spotify ...",TXakJYHe9uQ,That was really goooodddd,UgwT5YEcP1tNrbkp4GF4AaABAg,0,0,That was really goooodddd,en
Kev & Nick,Mine - Bazzi (Kev &amp; Nick cover),"Hello and welcome to our channel! We are two swedish guys who like to sing. We will be posting more music related videos, so make sure to subscribe! Spotify ...",TXakJYHe9uQ,Finally new cover!!,UgxonTFoYLIA0kNInBZ4AaABAg,0,0,Finally new cover!!,en
Kev & Nick,Mine - Bazzi (Kev &amp; Nick cover),"Hello and welcome to our channel! We are two swedish guys who like to sing. We will be posting more music related videos, so make sure to subscribe! Spotify ...",TXakJYHe9uQ,omg wow... beautiful vocals ~ amazing cover,UgyJ1DJqK91_Jng3Xbd4AaABAg,0,0,omg wow... beautiful vocals ~ amazing cover,en
Kev & Nick,Mine - Bazzi (Kev &amp; Nick cover),"Hello and welcome to our channel! We are two swedish guys who like to sing. We will be posting more music related videos, so make sure to subscribe! Spotify ...",TXakJYHe9uQ,Love this soooooo much‚ù§‚ù§‚ù§üòçüòçüòçüòç,Ugw5EH6Mhe3gUt9tqkh4AaABAg,0,0,Love this soooooo much,en
Kev & Nick,Mine - Bazzi (Kev &amp; Nick cover),"Hello and welcome to our channel! We are two swedish guys who like to sing. We will be posting more music related videos, so make sure to subscribe! Spotify ...",TXakJYHe9uQ,This is incredible! I loved every second! ‚ù§Ô∏è,Ugyx27bUkpJ-HOa0cV14AaABAg,0,2,This is incredible! I loved every second! ,en
Kev & Nick,Mine - Bazzi (Kev &amp; Nick cover),"Hello and welcome to our channel! We are two swedish guys who like to sing. We will be posting more music related videos, so make sure to subscribe! Spotify ...",TXakJYHe9uQ,Very produced-sounding great cover. Love the voice clarity and loudness..would love to hear a stripped version! (Though I may be biased with my upload style) haha.,UgyF5rtoeI3EG5BNDxx4AaABAg,0,3,Very produced-sounding great cover. Love the voice clarity and loudness..would love to hear a stripped version! (Though I may be biased with my upload style) haha.,en
Kev & Nick,Mine - Bazzi (Kev &amp; Nick cover),"Hello and welcome to our channel! We are two swedish guys who like to sing. We will be posting more music related videos, so make sure to subscribe! Spotify ...",TXakJYHe9uQ,Well damn. This is so good wtf,UgzJfcX-sXp5Uir4nA54AaABAg,0,0,Well damn. This is so good wtf,en
Kev & Nick,Mine - Bazzi (Kev &amp; Nick cover),"Hello and welcome to our channel! We are two swedish guys who like to sing. We will be posting more music related videos, so make sure to subscribe! Spotify ...",TXakJYHe9uQ,Beautiful cover. Love it üíñ,Ugy9V887x57oHu81nfV4AaABAg,0,0,Beautiful cover. Love it ,en
Kev & Nick,Mine - Bazzi (Kev &amp; Nick cover),"Hello and welcome to our channel! We are two swedish guys who like to sing. We will be posting more music related videos, so make sure to subscribe! Spotify ...",TXakJYHe9uQ,LOVEDDD IT! SUBBED RIGHT AWAY! & SHARED! ‚ù§Ô∏è‚ù§Ô∏è,UgzEq5EwWF6WpUNcPk14AaABAg,0,0,LOVEDDD IT! SUBBED RIGHT AWAY! & SHARED! ,en
Kev & Nick,Mine - Bazzi (Kev &amp; Nick cover),"Hello and welcome to our channel! We are two swedish guys who like to sing. We will be posting more music related videos, so make sure to subscribe! Spotify ...",TXakJYHe9uQ,Amazing cover! You both have incredible voices.. you got yourself a new subscriber üòç,UgxWabm9J04bdivFS6R4AaABAg,0,0,Amazing cover! You both have incredible voices.. you got yourself a new subscriber ,en
Kev & Nick,Mine - Bazzi (Kev &amp; Nick cover),"Hello and welcome to our channel! We are two swedish guys who like to sing. We will be posting more music related videos, so make sure to subscribe! Spotify ...",TXakJYHe9uQ,Truly awesome! üíô,Ugyzo-EE2cJb-kx1BfZ4AaABAg,0,0,Truly awesome! ,en
Kev & Nick,Mine - Bazzi (Kev &amp; Nick cover),"Hello and welcome to our channel! We are two swedish guys who like to sing. We will be posting more music related videos, so make sure to subscribe! Spotify ...",TXakJYHe9uQ,The other covers r nothing compared to this beautiful piece.. U r the best .. Got one more sub...,Ugx8hbKMLBDIZRPIJ5x4AaABAg,0,0,The other covers r nothing compared to this beautiful piece.. U r the best .. Got one more sub...,en
Kev & Nick,Mine - Bazzi (Kev &amp; Nick cover),"Hello and welcome to our channel! We are two swedish guys who like to sing. We will be posting more music related videos, so make sure to subscribe! Spotify ...",TXakJYHe9uQ,You guys are awesome!!!fan from Taiwan,UgxwE5eMceryCdn3xvh4AaABAg,0,5,You guys are awesome!!!fan from Taiwan,en
Kev & Nick,Mine - Bazzi (Kev &amp; Nick cover),"Hello and welcome to our channel! We are two swedish guys who like to sing. We will be posting more music related videos, so make sure to subscribe! Spotify ...",TXakJYHe9uQ,"Well done guys, great music and vocal arrangements",UgzumyhAMMbSQOV3SCV4AaABAg,0,0,"Well done guys, great music and vocal arrangements",en
Kev & Nick,Mine - Bazzi (Kev &amp; Nick cover),"Hello and welcome to our channel! We are two swedish guys who like to sing. We will be posting more music related videos, so make sure to subscribe! Spotify ...",TXakJYHe9uQ,really really nice! Love the combo of your voices! Thumbs up from switzerland! :),UgyrQV94oPmxGZRNzjl4AaABAg,0,0,really really nice! Love the combo of your voices! Thumbs up from switzerland! :),en
Kev & Nick,Mine - Bazzi (Kev &amp; Nick cover),"Hello and welcome to our channel! We are two swedish guys who like to sing. We will be posting more music related videos, so make sure to subscribe! Spotify ...",TXakJYHe9uQ,"This d√∫o.. Is Amazing.... Perfect voices.... Greeting from PANAM√Å... ABRIL 17,,2018",UgziNIy_xi5agAUzrTJ4AaABAg,0,0,"This d√∫o.. Is Amazing.... Perfect voices.... Greeting from PANAM√Å... ABRIL 17,,2018",en
Kev & Nick,Mine - Bazzi (Kev &amp; Nick cover),"Hello and welcome to our channel! We are two swedish guys who like to sing. We will be posting more music related videos, so make sure to subscribe! Spotify ...",TXakJYHe9uQ,Pls release moreüò≠,UgzJvVnrZHjToDd01ZF4AaABAg,0,0,Pls release more,en
Kev & Nick,Mine - Bazzi (Kev &amp; Nick cover),"Hello and welcome to our channel! We are two swedish guys who like to sing. We will be posting more music related videos, so make sure to subscribe! Spotify ...",TXakJYHe9uQ,Holy crap you both are amazingüî•üî•,Ugy5GGVnjvNX7NQBt7J4AaABAg,0,0,Holy crap you both are amazing,en
Kev & Nick,Mine - Bazzi (Kev &amp; Nick cover),"Hello and welcome to our channel! We are two swedish guys who like to sing. We will be posting more music related videos, so make sure to subscribe! Spotify ...",TXakJYHe9uQ,oh my.. I love this,UgxNq0oXXOjI7WlsJ-F4AaABAg,0,0,oh my.. I love this,en
Kev & Nick,Mine - Bazzi (Kev &amp; Nick cover),"Hello and welcome to our channel! We are two swedish guys who like to sing. We will be posting more music related videos, so make sure to subscribe! Spotify ...",TXakJYHe9uQ,"Guys, this cover is beautiful!!!! Wow!!!!",Ugy-Mp0FGGTFb8440I54AaABAg,0,0,"Guys, this cover is beautiful!!!! Wow!!!!",en
Kev & Nick,Mine - Bazzi (Kev &amp; Nick cover),"Hello and welcome to our channel! We are two swedish guys who like to sing. We will be posting more music related videos, so make sure to subscribe! Spotify ...",TXakJYHe9uQ,Please do more cover üòçüé∂ we're waiting for you!!,UgzO_yasaNSCO_4K3Ex4AaABAg,0,0,Please do more cover  we're waiting for you!!,en
Kev & Nick,Mine - Bazzi (Kev &amp; Nick cover),"Hello and welcome to our channel! We are two swedish guys who like to sing. We will be posting more music related videos, so make sure to subscribe! Spotify ...",TXakJYHe9uQ,So emotional...good job.music can touch your soul...your voices are going really deep.Thank you!,Ugx0NzqWdIz730Fs-zR4AaABAg,0,0,So emotional...good job.music can touch your soul...your voices are going really deep.Thank you!,en
Kev & Nick,Mine - Bazzi (Kev &amp; Nick cover),"Hello and welcome to our channel! We are two swedish guys who like to sing. We will be posting more music related videos, so make sure to subscribe! Spotify ...",TXakJYHe9uQ,"very good cover, well done üòÄ",UgwlkNZdT1AMm-1hsot4AaABAg,0,1,"very good cover, well done ",en
Kev & Nick,Mine - Bazzi (Kev &amp; Nick cover),"Hello and welcome to our channel! We are two swedish guys who like to sing. We will be posting more music related videos, so make sure to subscribe! Spotify ...",TXakJYHe9uQ,Yoo love this my dudes. great production,UgynDyrH57WiLvPbHc94AaABAg,0,7,Yoo love this my dudes. great production,en
Kev & Nick,Mine - Bazzi (Kev &amp; Nick cover),"Hello and welcome to our channel! We are two swedish guys who like to sing. We will be posting more music related videos, so make sure to subscribe! Spotify ...",TXakJYHe9uQ,"How come it‚Äôs still not going viral, remember me, supporting you guys at the start‚ù§Ô∏è‚ù§Ô∏è‚ù§Ô∏è",UgwYYRc0MWYGQPk6CVN4AaABAg,0,0,"How come it‚Äôs still not going viral, remember me, supporting you guys at the start",en
Kev & Nick,Mine - Bazzi (Kev &amp; Nick cover),"Hello and welcome to our channel! We are two swedish guys who like to sing. We will be posting more music related videos, so make sure to subscribe! Spotify ...",TXakJYHe9uQ,Man U guys really sing lovely üòçüòçüòçüòçüòçüòç,UgzPHqphcHC2V1GtX_Z4AaABAg,0,0,Man U guys really sing lovely ,en
Kev & Nick,Mine - Bazzi (Kev &amp; Nick cover),"Hello and welcome to our channel! We are two swedish guys who like to sing. We will be posting more music related videos, so make sure to subscribe! Spotify ...",TXakJYHe9uQ,awesome as always!‚Äã,Ugz23U7uW9DuGpGGUcN4AaABAg,0,0,awesome as always!‚Äã,en
Kev & Nick,Mine - Bazzi (Kev &amp; Nick cover),"Hello and welcome to our channel! We are two swedish guys who like to sing. We will be posting more music related videos, so make sure to subscribe! Spotify ...",TXakJYHe9uQ,More singing videos please!!! Obsessed üò±üòç,UgxhgoJVnJYW9-nDc9l4AaABAg,0,0,More singing videos please!!! Obsessed ,en
Kev & Nick,Mine - Bazzi (Kev &amp; Nick cover),"Hello and welcome to our channel! We are two swedish guys who like to sing. We will be posting more music related videos, so make sure to subscribe! Spotify ...",TXakJYHe9uQ,"Seriously, please post more!",UgzU-iP1vdeJ_K3YIv54AaABAg,0,0,"Seriously, please post more!",en
Kev & Nick,Mine - Bazzi (Kev &amp; Nick cover),"Hello and welcome to our channel! We are two swedish guys who like to sing. We will be posting more music related videos, so make sure to subscribe! Spotify ...",TXakJYHe9uQ,"Same Lauryn! Guys, Kudos to you two, and I hope you do requests because I have one to make. I'd LOVE to hear a LAUV medley ^~^",UgwYgOTMVx4qLhou67F4AaABAg,0,0,"Same Lauryn! Guys, Kudos to you two, and I hope you do requests because I have one to make. I'd LOVE to hear a LAUV medley ^~^",en
Kev & Nick,Mine - Bazzi (Kev &amp; Nick cover),"Hello and welcome to our channel! We are two swedish guys who like to sing. We will be posting more music related videos, so make sure to subscribe! Spotify ...",TXakJYHe9uQ,Perfect,Ugx_bEoEpFZOgLcL0Ql4AaABAg,0,0,Perfect,en
Kev & Nick,Mine - Bazzi (Kev &amp; Nick cover),"Hello and welcome to our channel! We are two swedish guys who like to sing. We will be posting more music related videos, so make sure to subscribe! Spotify ...",TXakJYHe9uQ,jeez damn..  thanks for this cover.,UgxwO5MXFpGimI_OWjd4AaABAg,0,0,jeez damn..  thanks for this cover.,en
Kev & Nick,Mine - Bazzi (Kev &amp; Nick cover),"Hello and welcome to our channel! We are two swedish guys who like to sing. We will be posting more music related videos, so make sure to subscribe! Spotify ...",TXakJYHe9uQ,And can you guys pleaseeee do a cover of Riptide? üò©‚ù§Ô∏è,UgzZxQwufNmSCKSd-g14AaABAg,0,0,And can you guys pleaseeee do a cover of Riptide? ,en
Kev & Nick,Mine - Bazzi (Kev &amp; Nick cover),"Hello and welcome to our channel! We are two swedish guys who like to sing. We will be posting more music related videos, so make sure to subscribe! Spotify ...",TXakJYHe9uQ,okay u hitt it guys üòç lovethissssss,UgzQtdSrECO00Eb1EuZ4AaABAg,0,0,okay u hitt it guys  lovethissssss,en
Kev & Nick,Mine - Bazzi (Kev &amp; Nick cover),"Hello and welcome to our channel! We are two swedish guys who like to sing. We will be posting more music related videos, so make sure to subscribe! Spotify ...",TXakJYHe9uQ,Very beautiful voices...please keept going on!! :),Ugygx7a6e0saal_ZUzB4AaABAg,0,0,Very beautiful voices...please keept going on!! :),en
Kev & Nick,Mine - Bazzi (Kev &amp; Nick cover),"Hello and welcome to our channel! We are two swedish guys who like to sing. We will be posting more music related videos, so make sure to subscribe! Spotify ...",TXakJYHe9uQ,Pls make more of those. Im waiting too long now.,UgwAfN7cyNYX0PSqjPZ4AaABAg,0,0,Pls make more of those. Im waiting too long now.,en
Kev & Nick,Mine - Bazzi (Kev &amp; Nick cover),"Hello and welcome to our channel! We are two swedish guys who like to sing. We will be posting more music related videos, so make sure to subscribe! Spotify ...",TXakJYHe9uQ,I cannot explain how happy I am I found this.... so damn good. I'm breathless,UgzhjiRLpE6e8cU6zVN4AaABAg,0,0,I cannot explain how happy I am I found this.... so damn good. I'm breathless,en
Kev & Nick,Mine - Bazzi (Kev &amp; Nick cover),"Hello and welcome to our channel! We are two swedish guys who like to sing. We will be posting more music related videos, so make sure to subscribe! Spotify ...",TXakJYHe9uQ,You guys are really nice ‚ô•,Ugz3mcTdARIm5WGOA714AaABAg,0,0,You guys are really nice ,en
Kev & Nick,Mine - Bazzi (Kev &amp; Nick cover),"Hello and welcome to our channel! We are two swedish guys who like to sing. We will be posting more music related videos, so make sure to subscribe! Spotify ...",TXakJYHe9uQ,I wasn't prepared...this is SO GOOD,Ugx5LA62u9_EFIzVM3B4AaABAg,0,0,I wasn't prepared...this is SO GOOD,en
Kev & Nick,Mine - Bazzi (Kev &amp; Nick cover),"Hello and welcome to our channel! We are two swedish guys who like to sing. We will be posting more music related videos, so make sure to subscribe! Spotify ...",TXakJYHe9uQ,So beautifully sang! ‚ú®‚ù§,UgxhBMSHm0XXJGVbX8d4AaABAg,0,4,So beautifully sang! ,en
Kev & Nick,Mine - Bazzi (Kev &amp; Nick cover),"Hello and welcome to our channel! We are two swedish guys who like to sing. We will be posting more music related videos, so make sure to subscribe! Spotify ...",TXakJYHe9uQ,They song beautifully.. Please make more cover..,UgzDF3sXsSF5CSzTZy54AaABAg,0,0,They song beautifully.. Please make more cover..,en
Kev & Nick,Mine - Bazzi (Kev &amp; Nick cover),"Hello and welcome to our channel! We are two swedish guys who like to sing. We will be posting more music related videos, so make sure to subscribe! Spotify ...",TXakJYHe9uQ,Yo this is super dope!!! Gotta collab with these dudesüëåüèºüî•,UgxbAepKs6HAMjzIK8B4AaABAg,1,0,Yo this is super dope!!! Gotta collab with these dudes,en
Kev & Nick,Mine - Bazzi (Kev &amp; Nick cover),"Hello and welcome to our channel! We are two swedish guys who like to sing. We will be posting more music related videos, so make sure to subscribe! Spotify ...",TXakJYHe9uQ,More covers please,UgwrBbVdS66-R_g0chN4AaABAg,0,0,More covers please,en
Kev & Nick,Mine - Bazzi (Kev &amp; Nick cover),"Hello and welcome to our channel! We are two swedish guys who like to sing. We will be posting more music related videos, so make sure to subscribe! Spotify ...",TXakJYHe9uQ,Awesome! Plz upload more frequently ;),UgzqtJPTpdnaXc9L-_F4AaABAg,0,0,Awesome! Plz upload more frequently ;),en
Kev & Nick,Mine - Bazzi (Kev &amp; Nick cover),"Hello and welcome to our channel! We are two swedish guys who like to sing. We will be posting more music related videos, so make sure to subscribe! Spotify ...",TXakJYHe9uQ,So beautiful,UgyRSDQOUvvx7xbdrJN4AaABAg,0,0,So beautiful,en
Kev & Nick,Mine - Bazzi (Kev &amp; Nick cover),"Hello and welcome to our channel! We are two swedish guys who like to sing. We will be posting more music related videos, so make sure to subscribe! Spotify ...",TXakJYHe9uQ,That microphone is soooooooo lucky!!!,UgzJMkAWltgmvL1j2x54AaABAg,0,0,That microphone is soooooooo lucky!!!,en
Kev & Nick,Mine - Bazzi (Kev &amp; Nick cover),"Hello and welcome to our channel! We are two swedish guys who like to sing. We will be posting more music related videos, so make sure to subscribe! Spotify ...",TXakJYHe9uQ,"Mine¬†(Bazzi)

[Intro:]

Huh, yeah, naw I just, had a lil' bit too much of Hennessy

Just gotta tell you how I feel


[Verse 1:]

You so fuckin' precious when you smile

Hit it from the back and drive you wild

Girl, I lose myself up in those eye-eye-eye-eye-eyes

I just had to let you know you're mine


[Chorus:]

Hands on your body, I don't wanna waste no time

Feels like forever even if forever's tonight

Just lay with me, waste this night away with me

You're mine, I can't look away, I just gotta say


[Verse 2:]

I'm so fucking happy you're alive

Swear to God I'm down if you're down all you gotta say is right

Girl anything I can do just to make you feel alright

Oh, oh, oh, oh, I just had to let you know you're fine

Running circles 'round my mind

Even when it's rainy all you ever do is shine

You on fire, you a star just like Mariah

Man this feel incredible, I'll turn you into a bride, you're mine


[Chorus:]

Hands on your body, I don't wanna waste no time

Feels like forever even if forever's tonight

Just lay with me, waste this night away with me

You're mine, I can't look away, I just gotta say",UgyhkF1RGJw_em65KxJ4AaABAg,0,0,"Mine¬†(Bazzi)

[Intro:]

Huh, yeah, naw I just, had a lil' bit too much of Hennessy

Just gotta tell you how I feel


[Verse 1:]

You so fuckin' precious when you smile

Hit it from the back and drive you wild

Girl, I lose myself up in those eye-eye-eye-eye-eyes

I just had to let you know you're mine


[Chorus:]

Hands on your body, I don't wanna waste no time

Feels like forever even if forever's tonight

Just lay with me, waste this night away with me

You're mine, I can't look away, I just gotta say


[Verse 2:]

I'm so fucking happy you're alive

Swear to God I'm down if you're down all you gotta say is right

Girl anything I can do just to make you feel alright

Oh, oh, oh, oh, I just had to let you know you're fine

Running circles 'round my mind

Even when it's rainy all you ever do is shine

You on fire, you a star just like Mariah

Man this feel incredible, I'll turn you into a bride, you're mine


[Chorus:]

Hands on your body, I don't wanna waste no time

Feels like forever even if forever's tonight

Just lay with me, waste this night away with me

You're mine, I can't look away, I just gotta say",en
Kev & Nick,Mine - Bazzi (Kev &amp; Nick cover),"Hello and welcome to our channel! We are two swedish guys who like to sing. We will be posting more music related videos, so make sure to subscribe! Spotify ...",TXakJYHe9uQ,More cover plsss,UgyY-vz2q85omnCh9654AaABAg,0,0,More cover plsss,en
Kev & Nick,Mine - Bazzi (Kev &amp; Nick cover),"Hello and welcome to our channel! We are two swedish guys who like to sing. We will be posting more music related videos, so make sure to subscribe! Spotify ...",TXakJYHe9uQ,"You so fuckin' precious when you smile
Hit it from the back and drive you wild
Girl, I lose myself up in those eyes
I just had to let you know you're mine
Hands on your body, I don't wanna waste no time
Feels like forever even if forever's tonight
Just lay with me, waste this night away with me
You're mine, I can't look away, I just gotta say
I'm so fucking happy you're alive
Swear to God, I'm down if you're down all you gotta say is right
Girl anything I can do just to make you feel alright
Oh, I just had to let you know you're fine
Running circles 'round my mind
Even when it's rainy all you ever do is shine
You on fire, you a star just like Mariah
Man this feel incredible, I'll turn you into a bride, you're mine
Hands on your body, I don't wanna waste no time
Feels like forever even if forever's tonight
Just lay with me, waste this night away with me
You're mine, I can't look away, I just gotta say",UgxuwWA7KOjlzf8_zL14AaABAg,0,0,"You so fuckin' precious when you smile
Hit it from the back and drive you wild
Girl, I lose myself up in those eyes
I just had to let you know you're mine
Hands on your body, I don't wanna waste no time
Feels like forever even if forever's tonight
Just lay with me, waste this night away with me
You're mine, I can't look away, I just gotta say
I'm so fucking happy you're alive
Swear to God, I'm down if you're down all you gotta say is right
Girl anything I can do just to make you feel alright
Oh, I just had to let you know you're fine
Running circles 'round my mind
Even when it's rainy all you ever do is shine
You on fire, you a star just like Mariah
Man this feel incredible, I'll turn you into a bride, you're mine
Hands on your body, I don't wanna waste no time
Feels like forever even if forever's tonight
Just lay with me, waste this night away with me
You're mine, I can't look away, I just gotta say",en
Kev & Nick,Mine - Bazzi (Kev &amp; Nick cover),"Hello and welcome to our channel! We are two swedish guys who like to sing. We will be posting more music related videos, so make sure to subscribe! Spotify ...",TXakJYHe9uQ,"You so fuckin' precious when you smile
Hit it from the back and drive you wild
Girl, I lose myself up in those eyes
I just had to let you know you're mine

Hands on your body, I don't wanna waste no time
Feels like forever even if forever's tonight
Just lay with me, waste this night away with me
You're mine, I can't look away, I just gotta say

I'm so fucking happy you're alive
Swear to God, I'm down if you're down all you gotta say is right
Girl anything I can do just to make you feel alright
Oh, I just had to let you know you're fine
Running circles 'round my mind
Even when it's rainy all you ever do is shine
You on fire, you a star just like Mariah
Man this feel incredible, I'll turn you into a bride, you're mine

Hands on your body, I don't wanna waste no time
Feels like forever even if forever's tonight
Just lay with me, waste this night away with me
You're mine, I can't look away, I just gotta say",UgwDi1tseKNUp2e81jB4AaABAg,0,0,"You so fuckin' precious when you smile
Hit it from the back and drive you wild
Girl, I lose myself up in those eyes
I just had to let you know you're mine

Hands on your body, I don't wanna waste no time
Feels like forever even if forever's tonight
Just lay with me, waste this night away with me
You're mine, I can't look away, I just gotta say

I'm so fucking happy you're alive
Swear to God, I'm down if you're down all you gotta say is right
Girl anything I can do just to make you feel alright
Oh, I just had to let you know you're fine
Running circles 'round my mind
Even when it's rainy all you ever do is shine
You on fire, you a star just like Mariah
Man this feel incredible, I'll turn you into a bride, you're mine

Hands on your body, I don't wanna waste no time
Feels like forever even if forever's tonight
Just lay with me, waste this night away with me
You're mine, I can't look away, I just gotta say",en
Kev & Nick,Mine - Bazzi (Kev &amp; Nick cover),"Hello and welcome to our channel! We are two swedish guys who like to sing. We will be posting more music related videos, so make sure to subscribe! Spotify ...",TXakJYHe9uQ,2:44 my ears were impregnated yet blessed,Ugwuq0JivivP7odsRDZ4AaABAg,0,1,2:44 my ears were impregnated yet blessed,en
Kev & Nick,Mine - Bazzi (Kev &amp; Nick cover),"Hello and welcome to our channel! We are two swedish guys who like to sing. We will be posting more music related videos, so make sure to subscribe! Spotify ...",TXakJYHe9uQ,Whc microphn u use for recording?,UgzOoveO0rEie_bjywR4AaABAg,0,0,Whc microphn u use for recording?,en
Kev & Nick,Mine - Bazzi (Kev &amp; Nick cover),"Hello and welcome to our channel! We are two swedish guys who like to sing. We will be posting more music related videos, so make sure to subscribe! Spotify ...",TXakJYHe9uQ,"""fast car""
I want you to sing that song.",UgwwjNpGumwzNwViOpF4AaABAg,0,1,"""fast car""
I want you to sing that song.",en
Kev & Nick,Mine - Bazzi (Kev &amp; Nick cover),"Hello and welcome to our channel! We are two swedish guys who like to sing. We will be posting more music related videos, so make sure to subscribe! Spotify ...",TXakJYHe9uQ,"Love your vocals.  Suggestion??  Hope I'm not overstepping . . . 

Ok I LOVE the score arrangement and the vocal harmonics. 

A fantastic cover group is Boyce Avenue.  They are amazing because they take the original and make it their own.  You've started that here,  but you need to be more courageous and take it further.  This song is gorgeous,  and for voices are well suited for it.  Try softening the lyrics (profanity is not suited for main stream).  Just because Bazzi breaks up note streams doesn't mean you have to.  Play with different expressions of the melody that don't feel like his.  There is a female duo on YouTube that did a cover of this song,  and while I didn't care for THEIR performance (sorry ladies), their lyric changes and arrangement was brilliant. 

You both obviously have a lot of talent!  This was lovely to listen to, even if I did critique it.  Keep it up!",UgzlSieZBSb2SfMipcN4AaABAg,0,0,"Love your vocals.  Suggestion??  Hope I'm not overstepping . . . 

Ok I LOVE the score arrangement and the vocal harmonics. 

A fantastic cover group is Boyce Avenue.  They are amazing because they take the original and make it their own.  You've started that here,  but you need to be more courageous and take it further.  This song is gorgeous,  and for voices are well suited for it.  Try softening the lyrics (profanity is not suited for main stream).  Just because Bazzi breaks up note streams doesn't mean you have to.  Play with different expressions of the melody that don't feel like his.  There is a female duo on YouTube that did a cover of this song,  and while I didn't care for THEIR performance (sorry ladies), their lyric changes and arrangement was brilliant. 

You both obviously have a lot of talent!  This was lovely to listen to, even if I did critique it.  Keep it up!",en
Kev & Nick,Mine - Bazzi (Kev &amp; Nick cover),"Hello and welcome to our channel! We are two swedish guys who like to sing. We will be posting more music related videos, so make sure to subscribe! Spotify ...",TXakJYHe9uQ,What happened to these guys! I wanna see more of them,UgyLzGeMW0x9R0jKt5R4AaABAg,1,0,What happened to these guys! I wanna see more of them,en
Kev & Nick,Mine - Bazzi (Kev &amp; Nick cover),"Hello and welcome to our channel! We are two swedish guys who like to sing. We will be posting more music related videos, so make sure to subscribe! Spotify ...",TXakJYHe9uQ,You guys are really good... could you please sing Creep by Radiohead?,UgzZFzutXlGI_NhHPtJ4AaABAg,0,0,You guys are really good... could you please sing Creep by Radiohead?,en
Kev & Nick,Mine - Bazzi (Kev &amp; Nick cover),"Hello and welcome to our channel! We are two swedish guys who like to sing. We will be posting more music related videos, so make sure to subscribe! Spotify ...",TXakJYHe9uQ,Son arte,Ugwg4VqIOlHOE0vKaKR4AaABAg,0,0,Son arte,en
Kev & Nick,Mine - Bazzi (Kev &amp; Nick cover),"Hello and welcome to our channel! We are two swedish guys who like to sing. We will be posting more music related videos, so make sure to subscribe! Spotify ...",TXakJYHe9uQ,Damn..... Ok so thts wt love is lyk.... üíôüíô,UgwZgoH7QFJlna9qLiV4AaABAg,0,1,Damn..... Ok so thts wt love is lyk.... ,en
Kev & Nick,Mine - Bazzi (Kev &amp; Nick cover),"Hello and welcome to our channel! We are two swedish guys who like to sing. We will be posting more music related videos, so make sure to subscribe! Spotify ...",TXakJYHe9uQ,hell yeah..wow,Ugxl5uaoz39y_bquhSF4AaABAg,0,0,hell yeah..wow,en
Kev & Nick,Mine - Bazzi (Kev &amp; Nick cover),"Hello and welcome to our channel! We are two swedish guys who like to sing. We will be posting more music related videos, so make sure to subscribe! Spotify ...",TXakJYHe9uQ,Kev and Nick does it again,UgyS4EATcLAyZAg_y914AaABAg,0,0,Kev and Nick does it again,en
Kev & Nick,Mine - Bazzi (Kev &amp; Nick cover),"Hello and welcome to our channel! We are two swedish guys who like to sing. We will be posting more music related videos, so make sure to subscribe! Spotify ...",TXakJYHe9uQ,I need more. Where have you been?,Ugwo4qWLpMspl4X5-_J4AaABAg,0,0,I need more. Where have you been?,en
Kev & Nick,Mine - Bazzi (Kev &amp; Nick cover),"Hello and welcome to our channel! We are two swedish guys who like to sing. We will be posting more music related videos, so make sure to subscribe! Spotify ...",TXakJYHe9uQ,Better than original!!,UgyoV8ZxHq-KboN3B_h4AaABAg,0,0,Better than original!!,en
Kev & Nick,Mine - Bazzi (Kev &amp; Nick cover),"Hello and welcome to our channel! We are two swedish guys who like to sing. We will be posting more music related videos, so make sure to subscribe! Spotify ...",TXakJYHe9uQ,"Way to go guys !!! If it's tricky to make better vocal arrangements than the original, which you did great btw, your music arrangement is awesome !!!",UgxI9seAPigy6KMX9Bp4AaABAg,0,0,"Way to go guys !!! If it's tricky to make better vocal arrangements than the original, which you did great btw, your music arrangement is awesome !!!",en
Kev & Nick,Mine - Bazzi (Kev &amp; Nick cover),"Hello and welcome to our channel! We are two swedish guys who like to sing. We will be posting more music related videos, so make sure to subscribe! Spotify ...",TXakJYHe9uQ,Need more ;),UgwxNifmdHIC30b_rah4AaABAg,0,0,Need more ;),en
Kev & Nick,Mine - Bazzi (Kev &amp; Nick cover),"Hello and welcome to our channel! We are two swedish guys who like to sing. We will be posting more music related videos, so make sure to subscribe! Spotify ...",TXakJYHe9uQ,I have no doubt these guys are gonna go big. Very talented vocals and harmonizing is amazing. Surprised you arent covering some of Dan and shay songs. Ive been subscribed to many YouTubers before they went big and I just subscribed to another. Enjoy the fam boys! Don't let it change who you are!! Love from Canada,UgwZSOzRJvo4gtvJgzp4AaABAg,0,0,I have no doubt these guys are gonna go big. Very talented vocals and harmonizing is amazing. Surprised you arent covering some of Dan and shay songs. Ive been subscribed to many YouTubers before they went big and I just subscribed to another. Enjoy the fam boys! Don't let it change who you are!! Love from Canada,en
Kev & Nick,Mine - Bazzi (Kev &amp; Nick cover),"Hello and welcome to our channel! We are two swedish guys who like to sing. We will be posting more music related videos, so make sure to subscribe! Spotify ...",TXakJYHe9uQ,*speachless*,Ugwwdk42t1ye7i4a7RR4AaABAg,0,0,*speachless*,en
Kev & Nick,Mine - Bazzi (Kev &amp; Nick cover),"Hello and welcome to our channel! We are two swedish guys who like to sing. We will be posting more music related videos, so make sure to subscribe! Spotify ...",TXakJYHe9uQ,Never clicked on a vid faster,Ugx-hKj7oXgggZIxIoJ4AaABAg,0,2,Never clicked on a vid faster,en
Kev & Nick,Mine - Bazzi (Kev &amp; Nick cover),"Hello and welcome to our channel! We are two swedish guys who like to sing. We will be posting more music related videos, so make sure to subscribe! Spotify ...",TXakJYHe9uQ,*mindblownn*,UgzgWE9yzjcwD1H7qG14AaABAg,0,0,*mindblownn*,en
Kev & Nick,Mine - Bazzi (Kev &amp; Nick cover),"Hello and welcome to our channel! We are two swedish guys who like to sing. We will be posting more music related videos, so make sure to subscribe! Spotify ...",TXakJYHe9uQ,Spotify doesn‚Äôt have your song anyway I can get it in Spotify? I just clicked the link in your bio but it didn‚Äôt work,UgzNf1e9sse3P2SVfhN4AaABAg,0,0,Spotify doesn‚Äôt have your song anyway I can get it in Spotify? I just clicked the link in your bio but it didn‚Äôt work,en
Kev & Nick,Mine - Bazzi (Kev &amp; Nick cover),"Hello and welcome to our channel! We are two swedish guys who like to sing. We will be posting more music related videos, so make sure to subscribe! Spotify ...",TXakJYHe9uQ,Replay button raped,Ugyn0B9WRTrLzL5mwCh4AaABAg,0,0,Replay button raped,en
Kev & Nick,Mine - Bazzi (Kev &amp; Nick cover),"Hello and welcome to our channel! We are two swedish guys who like to sing. We will be posting more music related videos, so make sure to subscribe! Spotify ...",TXakJYHe9uQ,most of these views are mine hehe,Ugx6yG7X3kvubaQfOyl4AaABAg,0,1,most of these views are mine hehe,en
Kev & Nick,Mine - Bazzi (Kev &amp; Nick cover),"Hello and welcome to our channel! We are two swedish guys who like to sing. We will be posting more music related videos, so make sure to subscribe! Spotify ...",TXakJYHe9uQ,Are they brothers or friends?,Ugz2EA1b56nmi4iOWXR4AaABAg,0,0,Are they brothers or friends?,en
Kev & Nick,Mine - Bazzi (Kev &amp; Nick cover),"Hello and welcome to our channel! We are two swedish guys who like to sing. We will be posting more music related videos, so make sure to subscribe! Spotify ...",TXakJYHe9uQ,Tf 2.2k subs like wtf YouTube what's wrong with u,UgxR-u7zxa0BsjhQGvR4AaABAg,0,0,Tf 2.2k subs like wtf YouTube what's wrong with u,en
Kev & Nick,Mine - Bazzi (Kev &amp; Nick cover),"Hello and welcome to our channel! We are two swedish guys who like to sing. We will be posting more music related videos, so make sure to subscribe! Spotify ...",TXakJYHe9uQ,Holy auto tune. No hate tho,Ugx7vm-IAm61oFOyGkR4AaABAg,0,0,Holy auto tune. No hate tho,en
Kev & Nick,Mine - Bazzi (Kev &amp; Nick cover),"Hello and welcome to our channel! We are two swedish guys who like to sing. We will be posting more music related videos, so make sure to subscribe! Spotify ...",TXakJYHe9uQ,please don't take this to offense but are you guys gay,UgwG-tARTbioSGfbCpR4AaABAg,0,0,please don't take this to offense but are you guys gay,en
